{"accuracy": [0.5939967036247253, 0.8609716296195984, 0.9153566956520081, 0.9407070279121399, 0.9561277627944946, 0.9653460383415222, 0.9709510207176208, 0.9759015440940857, 0.9801123738288879, 0.9827014803886414], "loss": [1.3846280574798584, 0.44135746359825134, 0.26268208026885986, 0.18002454936504364, 0.13141264021396637, 0.10247832536697388, 0.08816152811050415, 0.07421931624412537, 0.059941940009593964, 0.05450238287448883], "val_accuracy": [0.8289893269538879, 0.9178237915039062, 0.9404165744781494, 0.946904182434082, 0.9578306674957275, 0.9492374062538147, 0.9582290053367615, 0.9661393165588379, 0.9557250142097473, 0.9688709378242493], "val_loss": [0.531059741973877, 0.26076459884643555, 0.1895872950553894, 0.1660984456539154, 0.128684863448143, 0.16081315279006958, 0.136006161570549, 0.10866523534059525, 0.15313182771205902, 0.10535342991352081]}